{
  "IcoMoonType": "selection",
  "icons": [
    {
      "icon": {
        "paths": [
          "M703.994 800h-383.999M703.994 800c33.949 0 66.506 13.485 90.509 37.491 24.006 24.003 37.491 56.56 37.491 90.509h-639.999c0-33.949 13.485-66.506 37.49-90.509 24.004-24.006 56.562-37.491 90.51-37.491M703.994 800v-144c0-26.496-21.459-48-48-48h-37.162M319.994 800v-144c0-26.496 21.503-48 47.999-48h37.206M618.832 608h-213.632M618.832 608c-23.971-41.386-38.291-87.648-41.901-135.338M405.2 608c23.955-41.389 38.262-87.651 41.856-135.338M576.931 472.662c43.021-9.888 83.123-29.603 117.251-57.6M576.931 472.662c-42.736 9.814-87.139 9.814-129.875 0M447.056 472.662c-43.005-9.894-83.136-29.61-117.248-57.6M223.994 180.736c-41.899 6.116-83.371 13.511-124.416 22.187 9.494 55.851 37.246 106.975 78.908 145.362 41.662 38.39 94.882 61.875 151.322 66.778M223.994 180.736v11.264c0 89.941 41.216 170.24 105.814 223.062M223.994 180.736v-64.64c94.123-13.269 190.294-20.096 287.999-20.096 97.709 0 193.92 6.827 288 20.053v64.683M799.994 180.736v11.264c0 89.941-41.216 170.24-105.811 223.062M799.994 180.736c41.699 6.058 83.194 13.458 124.416 22.187-9.491 55.844-37.238 106.964-78.89 145.353-41.654 38.387-94.909 61.875-151.338 66.787"
        ],
        "attrs": [
          {
            "fill": "none",
            "strokeLinejoin": "round",
            "strokeLinecap": "round",
            "strokeMiterlimit": "4",
            "strokeWidth": 48
          }
        ],
        "grid": 0,
        "tags": [
          "heroicons_trophy"
        ]
      },
      "attrs": [
        {
          "fill": "none",
          "strokeLinejoin": "round",
          "strokeLinecap": "round",
          "strokeMiterlimit": "4",
          "strokeWidth": 48
        }
      ],
      "properties": {
        "order": 23,
        "id": 8,
        "name": "trophy",
        "prevSize": 32
      },
      "setIdx": 0,
      "setId": 3,
      "iconIdx": 0
    },
    {
      "icon": {
        "paths": [
          "M448.003 810.662c200.298 0 362.666-162.368 362.666-362.669 0-200.298-162.368-362.666-362.666-362.666-200.299 0-362.667 162.368-362.667 362.666 0 200.301 162.368 362.669 362.667 362.669z",
          "M568.685 305.984c-15.834-15.867-34.646-28.45-55.357-37.027s-42.909-12.981-65.325-12.957c-22.416-0.024-44.618 4.379-65.325 12.957-20.71 8.578-39.523 21.161-55.357 37.027M708.739 708.736l181.014 181.014"
        ],
        "attrs": [
          {
            "fill": "none",
            "strokeLinejoin": "round",
            "strokeLinecap": "butt",
            "strokeMiterlimit": "4",
            "strokeWidth": 64
          },
          {
            "fill": "none",
            "strokeLinejoin": "round",
            "strokeLinecap": "round",
            "strokeMiterlimit": "4",
            "strokeWidth": 64
          }
        ],
        "grid": 0,
        "tags": [
          "icon-park-outline_search"
        ]
      },
      "attrs": [
        {
          "fill": "none",
          "strokeLinejoin": "round",
          "strokeLinecap": "butt",
          "strokeMiterlimit": "4",
          "strokeWidth": 64
        },
        {
          "fill": "none",
          "strokeLinejoin": "round",
          "strokeLinecap": "round",
          "strokeMiterlimit": "4",
          "strokeWidth": 64
        }
      ],
      "properties": {
        "order": 24,
        "id": 7,
        "name": "search",
        "prevSize": 32
      },
      "setIdx": 0,
      "setId": 3,
      "iconIdx": 1
    },
    {
      "icon": {
        "paths": [
          "M904.724 302.925h-785.459l392.73 520.55 392.729-520.55z"
        ],
        "attrs": [],
        "grid": 0,
        "tags": [
          "iwwa_arrow-down"
        ]
      },
      "attrs": [],
      "properties": {
        "order": 25,
        "id": 6,
        "name": "arrow-down",
        "prevSize": 32
      },
      "setIdx": 0,
      "setId": 3,
      "iconIdx": 2
    },
    {
      "icon": {
        "paths": [
          "M119.275 721.075h785.46l-392.73-520.55-392.73 520.55z"
        ],
        "attrs": [],
        "grid": 0,
        "tags": [
          "iwwa_arrow-up"
        ]
      },
      "attrs": [],
      "properties": {
        "order": 26,
        "id": 5,
        "name": "arrow-up",
        "prevSize": 32
      },
      "setIdx": 0,
      "setId": 3,
      "iconIdx": 3
    },
    {
      "icon": {
        "paths": [
          "M170.667 768c-12.089 0-22.215-4.096-30.379-12.288s-12.259-18.319-12.288-30.377c-0.028-12.063 4.068-22.19 12.288-30.382s18.347-12.288 30.379-12.288h682.668c12.088 0 22.226 4.096 30.418 12.288s12.278 18.319 12.247 30.382c-0.031 12.058-4.127 22.2-12.288 30.418-8.161 8.223-18.289 12.303-30.377 12.247h-682.668zM170.667 554.665c-12.089 0-22.215-4.096-30.379-12.288s-12.259-18.314-12.288-30.377c-0.028-12.061 4.068-22.186 12.288-30.378s18.347-12.288 30.379-12.288h682.668c12.088 0 22.226 4.096 30.418 12.288s12.278 18.318 12.247 30.378c-0.031 12.063-4.127 22.2-12.288 30.423-8.161 8.218-18.289 12.298-30.377 12.242h-682.668zM170.667 341.334c-12.089 0-22.215-4.096-30.379-12.288s-12.259-18.318-12.288-30.379c-0.028-12.060 4.068-22.186 12.288-30.378s18.347-12.288 30.379-12.288h682.668c12.088 0 22.226 4.096 30.418 12.288s12.278 18.318 12.247 30.378c-0.031 12.061-4.127 22.201-12.288 30.422s-18.289 12.302-30.377 12.246h-682.668z"
        ],
        "attrs": [],
        "grid": 0,
        "tags": [
          "material-symbols_menu-rounded"
        ]
      },
      "attrs": [],
      "properties": {
        "order": 27,
        "id": 4,
        "name": "menu-rounded",
        "prevSize": 32
      },
      "setIdx": 0,
      "setId": 3,
      "iconIdx": 4
    },
    {
      "icon": {
        "paths": [
          "M302.935 484.259c9.956-19.91 20.268-39.11 30.933-57.6s22.4-36.976 35.2-55.466l-59.733-11.734-89.6 89.6 83.2 35.2zM817.069 190.926c-49.779 1.422-102.925 16-159.446 43.733-56.518 27.733-107.904 64.711-154.154 110.934-29.866 29.866-56.534 61.866-80 96-23.466 34.131-40.89 66.131-52.266 96l121.6 120.531c29.866-11.376 61.866-28.8 96-52.266 34.131-23.466 66.131-50.134 96-80 46.221-46.221 83.2-97.421 110.931-153.6 27.734-56.177 42.314-109.155 43.734-158.933 0-2.844-0.541-5.689-1.622-8.533-1.078-2.844-2.672-5.333-4.778-7.467s-4.595-3.726-7.466-4.779c-2.874-1.052-5.718-1.593-8.534-1.621zM582.403 446.925c-16.355-16.355-24.534-36.435-24.534-60.243s8.179-43.904 24.534-60.288c16.355-16.385 36.621-24.562 60.8-24.534 24.176 0.028 44.445 8.206 60.8 24.534 16.355 16.326 24.531 36.422 24.531 60.288s-8.176 43.946-24.531 60.243c-16.355 16.301-36.624 24.477-60.8 24.534-24.179 0.058-44.445-8.122-60.8-24.534zM546.134 726.394l35.2 84.266 89.6-89.6-11.731-59.734c-18.49 12.8-36.979 24.365-55.469 34.688-18.486 10.326-37.686 20.454-57.6 30.381zM920.534 156.793c5.69 78.222-7.11 154.496-38.4 228.82-31.286 74.326-80.71 145.254-148.266 212.781l21.334 105.6c2.845 14.221 2.131 28.090-2.134 41.6s-11.379 25.245-21.334 35.2l-134.4 134.4c-10.666 10.666-23.466 14.762-38.4 12.288-14.931-2.477-25.245-10.838-30.931-25.088l-65.069-152.534-182.399-182.4-152.533-65.066c-14.222-5.69-22.756-16-25.6-30.934s1.067-27.734 11.733-38.4l134.4-134.399c9.956-9.956 21.86-17.067 35.712-21.333s27.904-4.978 42.156-2.133l105.6 21.333c67.555-67.556 138.496-116.978 212.819-148.267 74.326-31.289 150.586-44.089 228.781-38.4 5.686 0.711 11.376 2.318 17.066 4.821s10.666 5.874 14.934 10.112c4.266 4.238 7.651 9.216 10.154 14.933s4.096 11.406 4.778 17.067zM167.469 681.594c24.889-24.89 55.296-37.504 91.221-37.846s66.318 11.92 91.179 36.778c24.861 24.861 37.133 55.27 36.822 91.222-0.314 35.955-12.944 66.346-37.888 91.178-34.134 34.134-74.497 54.4-121.089 60.8s-93.34 12.8-140.245 19.2l19.2-140.243c6.4-46.563 26.667-86.928 60.8-121.088zM228.269 741.325c-12.089 12.090-20.437 26.669-25.045 43.734s-8.348 34.49-11.221 52.266c17.778-2.842 35.2-6.4 52.267-10.666s31.644-12.445 43.733-24.534c8.533-8.531 13.156-18.842 13.867-30.931s-3.2-22.4-11.733-30.934c-8.533-8.534-18.844-12.63-30.933-12.288s-22.4 4.794-30.933 13.354z"
        ],
        "attrs": [],
        "grid": 0,
        "tags": [
          "material-symbols_rocket-launch-outline-rounded"
        ]
      },
      "attrs": [],
      "properties": {
        "order": 28,
        "id": 3,
        "name": "rocket-launch",
        "prevSize": 32
      },
      "setIdx": 0,
      "setId": 3,
      "iconIdx": 5
    },
    {
      "icon": {
        "paths": [
          "M194.129 810.662c-36.267 0-64.356-12.63-84.267-37.888-19.911-25.261-27.378-56.010-22.4-92.246l44.8-320c6.4-42.667 25.429-77.867 57.088-105.6s68.807-41.6 111.445-41.6h422.401c42.666 0 79.827 13.867 111.488 41.6 31.658 27.733 50.672 62.933 57.043 105.6l44.8 320c4.979 36.266-2.49 67.030-22.4 92.288s-48 37.875-84.266 37.846c-14.934 0-28.8-2.659-41.6-7.981-12.8-5.318-24.534-13.325-35.2-24.019l-96-96h-290.134l-95.999 96c-10.667 10.666-22.4 18.672-35.2 24.019s-26.667 8.010-41.6 7.981zM211.196 718.928l121.601-121.6h358.4l121.6 121.6c1.421 1.421 7.11 3.555 17.066 6.4 7.821 0 14.051-2.304 18.688-6.912s6.23-10.838 4.778-18.688l-46.931-328.534c-2.845-20.621-12.090-37.859-27.734-51.711s-34.134-20.793-55.466-20.821h-422.401c-21.333 0-39.822 6.94-55.467 20.821s-24.889 31.119-27.733 51.711l-46.933 328.534c-1.422 7.821 0.185 14.051 4.821 18.688s10.852 6.941 18.645 6.912c1.422 0 7.111-2.134 17.067-6.4zM725.328 554.662c12.090 0 22.23-4.083 30.422-12.246s12.272-18.304 12.246-30.422c-0.029-12.115-4.125-22.243-12.288-30.378-8.166-8.134-18.291-12.23-30.381-12.288s-22.214 4.038-30.378 12.288c-8.163 8.25-12.259 18.374-12.288 30.378s4.067 22.144 12.288 30.422c8.221 8.278 18.346 12.358 30.378 12.246zM639.997 426.662c12.086 0 22.227-4.096 30.419-12.288s12.275-18.32 12.246-30.381c-0.029-12.061-4.125-22.186-12.288-30.378s-18.291-12.288-30.378-12.288c-12.090 0-22.218 4.096-30.381 12.288s-12.259 18.317-12.288 30.378c-0.029 12.061 4.067 22.202 12.288 30.422s18.349 12.301 30.381 12.246zM330.662 479.994v42.669c0 9.245 3.030 16.896 9.088 22.954s13.696 9.075 22.912 9.046c9.216-0.029 16.867-3.059 22.954-9.088 6.086-6.032 9.104-13.667 9.046-22.912v-42.669h42.666c9.245 0 16.896-3.027 22.957-9.088 6.058-6.058 9.072-13.696 9.043-22.912s-3.056-16.851-9.088-22.912c-6.029-6.058-13.667-9.088-22.912-9.088h-42.666v-42.666c0-9.245-3.030-16.883-9.088-22.912s-13.696-9.059-22.912-9.088c-9.216-0.029-16.854 3.002-22.912 9.088s-9.088 13.725-9.088 22.912v42.666h-42.667c-9.244 0-16.882 3.030-22.912 9.088-6.030 6.061-9.060 13.696-9.088 22.912s3.001 16.867 9.088 22.957c6.087 6.086 13.724 9.101 22.912 9.043h42.667z"
        ],
        "attrs": [],
        "grid": 0,
        "tags": [
          "material-symbols_sports-esports-outline-rounded"
        ]
      },
      "attrs": [],
      "properties": {
        "order": 29,
        "id": 2,
        "name": "esports-console",
        "prevSize": 32
      },
      "setIdx": 0,
      "setId": 3,
      "iconIdx": 6
    },
    {
      "icon": {
        "paths": [
          "M170.661 85.328h-85.333v85.333h85.333v85.333h-85.333v85.333h85.333v-85.333h85.333v85.333h85.333v-85.333h-85.333v-85.333h85.333v-85.333h-85.333v85.333h-85.333v-85.333zM682.662 170.661v682.667h256v-682.667h-256zM767.994 255.995h85.334v511.999h-85.334v-511.999zM383.994 426.662v426.666h256v-426.666h-256zM469.328 767.994v-256h85.334v256h-85.334zM341.328 597.328v256h-256v-256h256zM255.995 767.994v-85.331h-85.333v85.331h85.333z"
        ],
        "attrs": [],
        "grid": 0,
        "tags": [
          "pixelarticons_cellular-signal-off"
        ]
      },
      "attrs": [],
      "properties": {
        "order": 30,
        "id": 1,
        "name": "cellular-signal-off",
        "prevSize": 32
      },
      "setIdx": 0,
      "setId": 3,
      "iconIdx": 7
    },
    {
      "icon": {
        "paths": [
          "M512 117.334c-58.317 0.011-115.254 17.725-163.286 50.8-48.028 33.074-84.886 79.95-105.697 134.427s-24.593 113.987-10.846 170.659c13.746 56.675 44.373 107.84 87.829 146.726l0.128 0.173c23.766 21.29 41.814 37.418 54.698 49.28 12.16 11.091 21.76 20.224 26.838 26.451l0.512 0.64c9.472 11.648 17.664 21.805 23.126 33.965 5.418 12.115 7.466 25.043 9.856 39.85l0.128 0.854c1.235 7.594 1.706 16.896 1.92 28.842h149.587c0.214-11.946 0.685-21.248 1.92-28.842l0.128-0.854c2.39-14.806 4.438-27.734 9.856-39.85 5.462-12.16 13.654-22.317 23.126-33.965l0.512-0.64c5.078-6.227 14.678-15.36 26.838-26.451 12.883-11.862 30.931-27.99 54.698-49.28l0.17-0.173c43.459-38.89 74.090-90.058 87.834-146.736 13.744-56.675 9.958-116.192-10.858-170.669s-57.68-101.354-105.715-134.425c-48.038-33.071-104.982-50.779-163.302-50.781zM586.41 864h-148.819c0.17 4.41 0.397 8.349 0.682 11.818 0.854 9.6 2.346 13.101 3.37 14.848 2.806 4.854 6.838 8.886 11.693 11.693 1.706 1.024 5.248 2.474 14.848 3.37 10.026 0.896 23.296 0.938 43.818 0.938s33.792 0 43.818-0.938c9.6-0.854 13.101-2.346 14.848-3.37 4.854-2.806 8.886-6.838 11.693-11.693 1.024-1.706 2.515-5.248 3.37-14.848 0.285-3.469 0.512-7.408 0.682-11.818zM160 405.334c0.004-58.71 14.693-116.487 42.73-168.070s68.53-95.334 117.795-127.27c49.264-31.936 105.731-51.043 164.266-55.581s117.274 5.637 170.874 29.598c53.597 23.961 100.349 60.948 136.003 107.594 35.651 46.645 59.069 101.467 68.122 159.474 9.056 58.010 3.456 117.36-16.288 172.65-19.744 55.293-53.002 104.765-96.749 143.92-18.202 16.208-36.32 32.506-54.358 48.896-6.368 5.853-12.627 11.827-18.771 17.92l-1.536 1.664c-11.094 13.696-13.526 17.238-14.934 20.438-1.45 3.2-2.474 7.338-5.248 24.746-1.11 6.87-1.238 18.646-1.238 50.688v1.366c0 18.771 0 34.986-1.194 48.211-1.28 14.080-4.096 27.99-11.648 41.088-8.429 14.605-20.554 26.73-35.158 35.158-13.098 7.552-27.008 10.368-41.043 11.648-13.312 1.194-29.485 1.194-48.214 1.194h-2.774c-18.771 0-34.986 0-48.211-1.194-14.080-1.28-27.99-4.096-41.088-11.648-14.605-8.429-26.73-20.554-35.158-35.158-7.552-13.098-10.368-27.008-11.648-41.043-1.194-13.312-1.194-29.485-1.194-48.214v-1.408c0-32-0.128-43.818-1.238-50.688-2.774-17.408-3.84-21.546-5.248-24.746s-3.84-6.742-14.934-20.48l-0.426-0.429-1.11-1.235-4.138-4.141c-4.816-4.646-9.693-9.226-14.634-13.738-12.588-11.52-30.38-27.434-54.358-48.896-36.934-32.986-66.475-73.408-86.682-118.614-20.207-45.21-30.624-94.182-30.566-143.699zM422.058 569.6c3.642-2.106 7.658-3.472 11.827-4.026 4.166-0.55 8.403-0.275 12.464 0.81s7.869 2.96 11.203 5.52c3.338 2.557 6.138 5.747 8.24 9.386 4.678 8.118 11.411 14.861 19.523 19.549 8.112 4.685 17.315 7.155 26.685 7.155s18.573-2.47 26.685-7.155c8.112-4.688 14.845-11.43 19.523-19.549 2.106-3.638 4.909-6.826 8.25-9.382 3.338-2.557 7.149-4.429 11.21-5.514 4.064-1.082 8.301-1.357 12.47-0.803 4.166 0.557 8.186 1.923 11.824 4.032 3.642 2.106 6.829 4.909 9.386 8.25 2.557 3.338 4.429 7.149 5.514 11.21 1.082 4.064 1.354 8.301 0.8 12.467-0.554 4.17-1.923 8.189-4.029 11.827-15.312 26.403-40.275 45.83-69.632 54.186v57.773c0 8.486-3.373 16.624-9.373 22.627-6 6-14.141 9.373-22.627 9.373s-16.627-3.373-22.627-9.373c-6-6.003-9.373-14.141-9.373-22.627v-57.773c-29.357-8.355-54.32-27.782-69.632-54.186-2.106-3.638-3.472-7.658-4.026-11.824-0.55-4.166-0.275-8.403 0.81-12.464s2.96-7.869 5.52-11.206c2.557-3.334 5.747-6.179 9.386-8.282z"
        ],
        "attrs": [],
        "grid": 0,
        "tags": [
          "solar_lightbulb-outline"
        ]
      },
      "attrs": [],
      "properties": {
        "order": 31,
        "id": 0,
        "name": "lightbulb",
        "prevSize": 32
      },
      "setIdx": 0,
      "setId": 3,
      "iconIdx": 8
    }
  ],
  "height": 1024,
  "preferences": {
    "showGlyphs": true,
    "showCodes": true,
    "showQuickUse": true,
    "showQuickUse2": true,
    "showSVGs": true,
    "fontPref": {
      "prefix": "_icon-",
      "metadata": {
        "fontFamily": "icons",
        "majorVersion": 1,
        "minorVersion": 0
      },
      "metrics": {
        "emSize": 1024,
        "baseline": 6.25,
        "whitespace": 50
      },
      "embed": false,
      "showSelector": false,
      "showMetrics": false,
      "showMetadata": false,
      "showVersion": false,
      "hideFormats": false
    },
    "imagePref": {
      "prefix": "icon-",
      "png": false,
      "useClassSelector": false,
      "color": 0,
      "bgColor": 16777215,
      "name": "icomoon",
      "classSelector": ".logo",
      "height": 32,
      "columns": 16,
      "margin": 16,
      "overrideSize": true,
      "addBgColor": false,
      "autoHost": true,
      "minifyJs": true,
      "csh": false,
      "numPrefix": false,
      "sprite": true
    },
    "historySize": 50,
    "gridSize": 16,
    "showLiga": false,
    "showGrid": false,
    "quickUsageToken": {
      "UntitledProject1": "OThiOGZhZWNmZCMxNzQwMDY1MzI4I1ZWSkpBcEZ3NDF2alliekJiTHB4L2N5cmVHMWRMTk5ONnV2Um9GdnpUK2h6"
    }
  }
}